name,y1_points,y2_points,y3_points,y1_average,y2_average,y3_average,y1_games,y2_games,y3_games,y1_price,y2_price,y3_price
Aaron Gordon,2653.5,3416.0,2582.5,43.5,43.8,44.5,61.0,78.0,58.0,23.0,0.0,0.0
Aaron Holiday,1682.0,714.5,0.0,25.9,14.3,0.0,65.0,50.0,0.0,0.0,0.0,0.0
Abdel Nader,757.5,558.5,343.0,14.0,9.2,7.1,54.0,61.0,48.0,0.0,0.0,0.0
Adam Mokoka,78.5,0.0,0.0,7.1,0.0,0.0,11.0,0.0,0.0,0.0,0.0,0.0
Admiral Schofield,222.5,0.0,0.0,7.2,0.0,0.0,31.0,0.0,0.0,0.0,0.0,0.0
Al Horford,2612.0,3056.0,3128.0,39.6,45.6,44.1,66.0,67.0,71.0,7.0,0.0,0.0
Al-Farouq Aminu,295.5,2339.0,2011.0,17.4,28.9,29.1,17.0,81.0,69.0,0.0,0.0,0.0
Alec Burks,2261.5,1427.0,1073.0,34.3,22.3,16.8,66.0,64.0,64.0,0.0,0.0,0.0
Alen Smailagic,156.0,0.0,0.0,11.1,0.0,0.0,14.0,0.0,0.0,0.0,0.0,0.0
Alex Caruso,1090.0,660.0,472.5,17.3,26.4,12.8,63.0,25.0,37.0,0.0,0.0,0.0
Alex Len,1397.5,2261.0,2055.5,25.9,29.4,29.8,54.0,77.0,69.0,1.0,0.0,0.0
Alfonzo McKinnie,481.5,945.0,41.5,12.0,13.3,3.0,40.0,71.0,14.0,0.0,0.0,0.0
Alize Johnson,140.5,54.0,0.0,8.3,3.9,0.0,17.0,14.0,0.0,0.0,0.0,0.0
Allen Crabbe,404.5,849.0,2103.0,10.9,19.7,28.0,37.0,43.0,75.0,0.0,0.0,0.0
Allonzo Trier,267.0,1433.0,0.0,12.1,22.4,0.0,22.0,64.0,0.0,0.0,0.0,0.0
Amile Jefferson,68.0,95.5,0.0,3.8,8.0,0.0,18.0,12.0,0.0,0.0,0.0,0.0
Amir Coffey,139.0,0.0,0.0,7.7,0.0,0.0,18.0,0.0,0.0,0.0,0.0,0.0
Andre Drummond,3538.5,5226.5,5007.0,64.3,66.2,64.2,55.0,79.0,78.0,113.0,0.0,0.0
Andre Iguodala,420.5,1659.0,1523.5,20.0,24.8,23.8,21.0,67.0,64.0,0.0,0.0,0.0
Andre Roberson,74.0,0.0,864.0,10.6,0.0,22.2,7.0,0.0,39.0,0.0,0.0,0.0
Andrew Wiggins,2509.5,2825.5,3035.0,48.3,38.7,37.0,52.0,73.0,82.0,32.0,0.0,0.0
Anfernee Simons,1162.5,130.5,0.0,17.1,6.5,0.0,68.0,20.0,0.0,0.0,0.0,0.0
Ante Zizic,276.5,1292.0,322.5,12.6,21.9,10.1,22.0,59.0,32.0,0.0,0.0,0.0
Anthony Davis,4276.5,4467.0,5892.5,71.3,79.8,78.6,60.0,56.0,75.0,176.0,0.0,0.0
Anthony Tolliver,584.0,795.5,1590.5,11.0,12.2,20.1,53.0,65.0,79.0,0.0,0.0,0.0
Antonius Cleveland,33.5,0.0,81.0,3.0,0.0,4.8,11.0,0.0,17.0,0.0,0.0,0.0
Anzejs Pasecniks,444.5,0.0,0.0,16.5,0.0,0.0,27.0,0.0,0.0,0.0,0.0,0.0
Aron Baynes,1158.5,974.0,1621.0,29.0,19.5,20.3,40.0,50.0,80.0,0.0,0.0,0.0
Austin Rivers,1367.5,1492.5,2091.0,20.4,19.6,34.3,67.0,76.0,61.0,0.0,0.0,0.0
Avery Bradley,896.5,1448.5,1250.5,19.1,23.0,27.2,47.0,63.0,46.0,0.0,0.0,0.0
BJ Johnson,58.5,46.0,0.0,5.8,6.6,0.0,10.0,7.0,0.0,0.0,0.0,0.0
Bam Adebayo,4126.0,2659.0,1640.5,58.1,32.4,23.8,71.0,82.0,69.0,23.0,0.0,0.0
Ben McLemore,1410.0,150.0,926.0,20.1,7.9,16.5,70.0,19.0,56.0,0.0,0.0,0.0
Ben Simmons,3490.5,4835.0,4983.5,62.3,62.0,61.5,56.0,78.0,81.0,105.0,0.0,0.0
Bismack Biyombo,1311.5,918.0,1803.0,25.2,17.0,22.0,52.0,54.0,82.0,0.0,0.0,0.0
Blake Griffin,579.5,4232.0,3103.5,32.2,56.4,53.5,18.0,75.0,58.0,51.0,0.0,0.0
Boban Marjanovic,814.5,1230.5,606.5,18.5,21.2,15.6,44.0,58.0,39.0,0.0,0.0,0.0
Bobby Portis,1631.5,1868.5,2493.5,25.5,37.4,34.2,64.0,50.0,73.0,0.0,0.0,0.0
Bogdan Bogdanovic,2047.0,2351.0,2217.5,34.7,33.6,28.4,59.0,70.0,78.0,1.0,0.0,0.0
Bojan Bogdanovic,2220.0,2830.5,2220.5,35.8,34.9,27.8,62.0,81.0,80.0,7.0,0.0,0.0
Bol Bol,107.5,0.0,0.0,15.4,0.0,0.0,7.0,0.0,0.0,0.0,0.0,0.0
Brad Wanamaker,1377.5,387.5,0.0,20.0,11.1,0.0,69.0,35.0,0.0,0.0,0.0,0.0
Bradley Beal,3521.0,4873.0,4022.5,64.0,59.4,49.1,55.0,82.0,82.0,132.0,0.0,0.0
Brandon Clarke,1857.0,0.0,0.0,33.2,0.0,0.0,56.0,0.0,0.0,0.0,0.0,0.0
Brandon Goodwin,476.0,60.0,0.0,14.0,3.8,0.0,34.0,16.0,0.0,0.0,0.0,0.0
Brandon Ingram,3113.5,2022.5,2359.5,51.9,38.9,40.0,60.0,52.0,59.0,7.0,0.0,0.0
Brandon Knight,406.0,598.5,0.0,16.2,15.3,0.0,25.0,39.0,0.0,0.0,0.0,0.0
Brian Bowen II,16.0,0.0,0.0,2.7,0.0,0.0,6.0,0.0,0.0,0.0,0.0,0.0
Brook Lopez,2365.5,2795.0,2349.0,35.3,34.5,31.7,67.0,81.0,74.0,18.0,0.0,0.0
Bruce Brown,1753.5,1049.0,0.0,31.3,14.2,0.0,56.0,74.0,0.0,0.0,0.0,0.0
Bruno Caboclo,320.0,838.5,82.5,11.0,24.7,6.9,29.0,34.0,12.0,0.0,0.0,0.0
Bruno Fernando,754.5,0.0,0.0,13.7,0.0,0.0,55.0,0.0,0.0,0.0,0.0,0.0
Bryn Forbes,1316.5,2076.5,1096.0,21.2,25.3,13.7,62.0,82.0,80.0,0.0,0.0,0.0
Buddy Hield,2699.0,3501.5,2379.5,38.6,42.7,29.7,70.0,82.0,80.0,50.0,0.0,0.0
CJ McCollum,3362.0,3026.0,3576.0,49.4,43.2,44.1,68.0,70.0,81.0,36.0,0.0,0.0
CJ Miles,160.5,701.5,1329.5,16.0,13.2,19.0,10.0,53.0,70.0,0.0,0.0,0.0
Caleb Martin,279.5,0.0,0.0,16.4,0.0,0.0,17.0,0.0,0.0,0.0,0.0,0.0
Caleb Swanigan,255.5,156.5,174.5,10.2,7.5,6.5,25.0,21.0,27.0,0.0,0.0,0.0
Cam Reddish,1362.0,0.0,0.0,23.9,0.0,0.0,57.0,0.0,0.0,0.0,0.0,0.0
Cameron Johnson,1246.5,0.0,0.0,21.9,0.0,0.0,57.0,0.0,0.0,0.0,0.0,0.0
Cameron Reynolds,0.0,215.0,0.0,0.0,11.3,0.0,0.0,19.0,0.0,0.0,0.0,0.0
Caris LeVert,1814.0,1358.0,2293.5,42.2,34.0,32.3,43.0,40.0,71.0,13.0,0.0,0.0
Carmelo Anthony,2005.5,274.5,2665.5,34.6,27.4,34.2,58.0,10.0,78.0,0.0,0.0,0.0
Carsen Edwards,273.0,0.0,0.0,7.6,0.0,0.0,36.0,0.0,0.0,0.0,0.0,0.0
Cedi Osman,1674.5,2263.0,588.0,26.2,29.8,9.6,64.0,76.0,61.0,0.0,0.0,0.0
Chandler Hutchison,542.5,670.5,0.0,19.4,15.2,0.0,28.0,44.0,0.0,0.0,0.0,0.0
Chandler Parsons,39.5,432.5,707.0,7.9,17.3,19.6,5.0,25.0,36.0,0.0,0.0,0.0
Charles Brown Jr.,44.0,0.0,0.0,4.4,0.0,0.0,10.0,0.0,0.0,0.0,0.0,0.0
Cheick Diallo,588.5,1314.0,783.5,13.1,20.5,15.1,45.0,64.0,52.0,0.0,0.0,0.0
Chimezie Metu,170.5,137.0,0.0,9.5,4.7,0.0,18.0,29.0,0.0,0.0,0.0,0.0
Chris Boucher,1327.5,315.0,0.0,21.4,11.2,0.0,62.0,28.0,1.0,0.0,0.0,0.0
Chris Chiozza,447.5,26.5,0.0,17.2,3.8,0.0,26.0,7.0,0.0,0.0,0.0,0.0
Chris Clemons,325.0,0.0,0.0,9.8,0.0,0.0,33.0,0.0,0.0,0.0,0.0,0.0
Chris Paul,3437.0,3020.0,3222.0,50.5,52.1,56.5,68.0,58.0,57.0,89.0,0.0,0.0
Chris Silva,458.0,0.0,0.0,10.7,0.0,0.0,43.0,0.0,0.0,0.0,0.0,0.0
Christian Wood,2118.0,416.0,0.0,34.7,19.8,0.0,61.0,21.0,0.0,0.0,0.0,0.0
Clint Capela,2141.0,3919.5,3707.5,56.3,58.5,50.8,38.0,67.0,73.0,78.0,0.0,0.0
Coby White,1692.5,0.0,0.0,26.9,0.0,0.0,63.0,0.0,0.0,1.0,0.0,0.0
Cody Martin,792.5,0.0,0.0,16.9,0.0,0.0,47.0,0.0,0.0,0.0,0.0,0.0
Cody Zeller,1839.5,1635.0,736.5,32.3,33.4,22.3,57.0,49.0,33.0,0.0,0.0,0.0
Collin Sexton,2572.5,2629.5,0.0,40.2,32.1,0.0,64.0,82.0,0.0,1.0,0.0,0.0
Cory Joseph,1521.5,2061.0,1987.5,21.7,25.1,24.2,70.0,82.0,82.0,0.0,0.0,0.0
Courtney Lee,273.5,380.0,2158.0,12.4,11.2,28.4,22.0,34.0,76.0,0.0,0.0,0.0
Cristiano Felicio,331.5,736.5,934.5,15.1,12.3,17.0,22.0,60.0,55.0,0.0,0.0,0.0
D'Angelo Russell,2211.5,4152.0,1774.0,50.3,51.3,37.0,44.0,81.0,48.0,63.0,0.0,0.0
D.J. Augustin,1516.0,2628.0,1932.0,27.1,32.4,25.8,56.0,81.0,75.0,0.0,0.0,0.0
D.J. Wilson,321.0,857.5,56.0,8.7,17.9,2.5,37.0,48.0,22.0,0.0,0.0,0.0
DaQuan Jeffries,121.0,0.0,0.0,9.3,0.0,0.0,13.0,0.0,0.0,0.0,0.0,0.0
Damian Jones,1027.0,446.0,67.5,18.7,19.4,4.5,55.0,23.0,15.0,0.0,0.0,0.0
Damian Lillard,4431.0,4830.5,4373.0,69.2,60.4,59.9,64.0,80.0,73.0,128.0,0.0,0.0
Damion Lee,1512.0,342.5,396.5,31.5,10.7,26.4,48.0,32.0,15.0,0.0,0.0,0.0
Damyean Dotson,715.0,1767.5,449.5,14.9,24.2,10.2,48.0,73.0,44.0,0.0,0.0,0.0
Daniel Gafford,758.5,0.0,0.0,17.6,0.0,0.0,43.0,0.0,0.0,0.0,0.0,0.0
Daniel Theis,2127.0,1212.5,1179.0,33.8,18.7,18.7,63.0,65.0,63.0,0.0,0.0,0.0
Danilo Gallinari,2225.5,2968.5,672.5,37.1,43.7,32.0,60.0,68.0,21.0,15.0,0.0,0.0
Danny Green,1393.5,2169.5,1711.0,21.1,27.1,24.4,66.0,80.0,70.0,1.0,0.0,0.0
Dante Exum,411.0,717.5,296.0,11.7,17.1,21.1,35.0,42.0,14.0,0.0,0.0,0.0
Danuel House Jr.,1656.5,820.5,377.0,26.7,21.0,16.4,62.0,39.0,23.0,0.0,0.0,0.0
Dario Saric,1865.0,2089.5,2858.5,29.1,26.1,36.6,64.0,80.0,78.0,0.0,0.0,0.0
Darius Bazley,964.5,0.0,0.0,16.3,0.0,0.0,59.0,0.0,0.0,0.0,0.0,0.0
Darius Garland,1512.5,0.0,0.0,26.1,0.0,0.0,58.0,0.0,0.0,0.0,0.0,0.0
Darius Miller,0.0,1342.0,1387.0,0.0,19.4,16.9,0.0,69.0,82.0,0.0,0.0,0.0
Daryl Macon,2.5,60.5,0.0,0.8,7.6,0.0,3.0,8.0,0.0,0.0,0.0,0.0
David Nwaba,270.5,926.0,1624.0,15.0,18.2,23.2,18.0,51.0,70.0,0.0,0.0,0.0
Davis Bertans,1774.5,1547.0,1099.5,34.1,20.4,14.3,52.0,76.0,77.0,0.0,0.0,0.0
De'Aaron Fox,2642.0,4082.5,2150.0,53.9,50.4,29.5,49.0,81.0,73.0,52.0,0.0,0.0
De'Andre Hunter,1662.0,0.0,0.0,26.8,0.0,0.0,62.0,0.0,0.0,0.0,0.0,0.0
De'Anthony Melton,1435.5,1027.5,0.0,24.3,20.6,0.0,59.0,50.0,0.0,0.0,0.0,0.0
DeAndre Jordan,1903.0,3210.0,3784.5,35.2,46.5,49.1,54.0,69.0,77.0,19.0,0.0,0.0
DeAndre' Bembry,835.0,2078.5,401.5,19.9,25.3,15.4,42.0,82.0,26.0,0.0,0.0,0.0
DeMar DeRozan,3621.0,4211.5,4004.5,54.0,54.7,50.1,67.0,77.0,80.0,48.0,0.0,0.0
DeMarcus Cousins,0.0,1493.5,3527.5,0.0,49.8,73.5,0.0,30.0,48.0,0.0,0.0,0.0
DeMarre Carroll,247.0,1624.0,2500.0,10.3,24.2,34.2,24.0,67.0,73.0,0.0,0.0,0.0
Dean Wade,75.0,0.0,0.0,6.2,0.0,0.0,12.0,0.0,0.0,0.0,0.0,0.0
Deandre Ayton,2117.5,3640.0,0.0,57.2,51.3,0.0,37.0,71.0,0.0,65.0,0.0,0.0
Dejounte Murray,2316.5,0.0,2280.5,35.6,0.0,28.2,65.0,0.0,81.0,1.0,0.0,0.0
Delon Wright,1794.0,2147.0,1732.0,25.3,28.6,25.1,71.0,75.0,69.0,0.0,0.0,0.0
Dennis Schroder,2489.5,2661.5,3022.0,39.5,34.1,45.1,63.0,78.0,67.0,0.0,0.0,0.0
Dennis Smith Jr.,558.0,1790.5,2543.0,17.4,33.8,36.9,32.0,53.0,69.0,0.0,0.0,0.0
Denzel Valentine,564.5,0.0,2208.5,15.7,0.0,28.7,36.0,0.0,77.0,0.0,0.0,0.0
Deonte Burton,246.5,194.0,0.0,6.5,6.1,0.0,38.0,32.0,0.0,0.0,0.0,0.0
Derrick Favors,1858.5,2903.5,2874.0,37.9,38.2,37.3,49.0,76.0,77.0,21.0,0.0,0.0
Derrick Jones Jr.,1430.0,1238.0,207.5,24.7,20.6,10.4,58.0,60.0,20.0,0.0,0.0,0.0
Derrick Rose,2035.0,2041.5,374.0,42.4,40.0,15.6,48.0,51.0,24.0,0.0,0.0,0.0
Derrick Walton Jr.,171.5,0.0,124.5,6.6,0.0,7.8,26.0,0.0,16.0,0.0,0.0,0.0
Derrick White,2111.5,2080.5,144.5,31.5,31.1,8.5,67.0,67.0,17.0,1.0,0.0,0.0
Devin Booker,3861.0,3604.5,2633.5,56.8,56.3,48.8,68.0,64.0,54.0,75.0,0.0,0.0
Devon Hall,62.0,0.0,0.0,5.6,0.0,0.0,11.0,0.0,0.0,0.0,0.0,0.0
Devontae Cacok,18.5,0.0,0.0,18.5,0.0,0.0,1.0,0.0,0.0,0.0,0.0,0.0
Devonte' Graham,2888.5,652.0,0.0,47.4,14.2,0.0,61.0,46.0,0.0,0.0,0.0,0.0
Dewan Hernandez,41.5,0.0,0.0,6.9,0.0,0.0,6.0,0.0,0.0,0.0,0.0,0.0
Dewayne Dedmon,818.5,2242.5,2025.0,19.5,35.0,32.7,42.0,64.0,62.0,0.0,0.0,0.0
Dillon Brooks,2294.5,269.5,1924.5,32.3,15.0,23.5,71.0,18.0,82.0,0.0,0.0,0.0
Dion Waiters,228.0,1123.5,892.0,22.8,25.5,29.7,10.0,44.0,30.0,0.0,0.0,0.0
Domantas Sabonis,3820.5,3236.5,2506.0,62.6,43.7,33.9,61.0,74.0,74.0,47.0,0.0,0.0
Donovan Mitchell,3184.5,3725.5,3328.5,47.5,48.4,42.1,67.0,77.0,79.0,33.0,0.0,0.0
Donte DiVincenzo,1774.0,347.0,0.0,26.9,12.9,0.0,66.0,27.0,0.0,0.0,0.0,0.0
Dorian Finney-Smith,1934.0,1810.5,330.5,28.0,22.4,15.7,69.0,81.0,21.0,0.0,0.0,0.0
Doug McDermott,1391.5,1112.0,1350.0,20.5,14.4,16.7,68.0,77.0,81.0,0.0,0.0,0.0
Dragan Bender,312.0,770.0,1502.5,19.5,16.7,18.3,16.0,46.0,82.0,0.0,0.0,0.0
Draymond Green,1580.0,2615.5,3382.5,37.6,40.2,49.0,42.0,65.0,69.0,45.0,0.0,0.0
Drew Eubanks,359.0,130.0,0.0,16.3,5.7,0.0,22.0,23.0,0.0,0.0,0.0,0.0
Duncan Robinson,1963.5,102.0,0.0,27.3,6.8,0.0,72.0,15.0,0.0,0.0,0.0,0.0
Dwayne Bacon,465.0,690.5,458.5,12.6,16.1,8.7,37.0,43.0,53.0,0.0,0.0,0.0
Dwight Howard,1864.0,323.5,4256.0,27.8,35.9,52.5,67.0,9.0,81.0,2.0,0.0,0.0
Dwight Powell,1145.0,2305.0,2074.0,28.6,29.9,26.3,40.0,77.0,79.0,0.0,0.0,0.0
Dzanan Musa,430.0,30.5,0.0,10.8,3.4,0.0,40.0,9.0,0.0,0.0,0.0,0.0
E'Twaun Moore,1041.5,1371.5,2351.0,18.9,25.9,28.7,55.0,53.0,82.0,0.0,0.0,0.0
Ed Davis,258.5,1942.5,1716.0,9.9,24.0,22.0,26.0,81.0,78.0,0.0,0.0,0.0
Edmond Sumner,407.5,172.0,4.5,13.6,7.5,4.5,30.0,23.0,1.0,0.0,0.0,0.0
Elfrid Payton,1760.5,1818.0,2567.0,40.9,43.3,40.7,43.0,42.0,63.0,1.0,0.0,0.0
Elie Okobo,689.0,806.5,0.0,12.8,15.2,0.0,54.0,53.0,0.0,0.0,0.0,0.0
Emmanuel Mudiay,894.5,1946.5,1372.0,17.2,33.0,21.4,52.0,59.0,64.0,0.0,0.0,0.0
Enes Kanter,1623.5,2868.0,3268.0,28.5,42.8,46.0,57.0,67.0,71.0,2.0,0.0,0.0
Eric Bledsoe,2418.5,3495.0,3338.5,40.3,44.8,45.1,60.0,78.0,74.0,7.0,0.0,0.0
Eric Gordon,895.0,2007.5,2202.0,25.6,29.5,32.4,35.0,68.0,68.0,1.0,0.0,0.0
Eric Paschall,1839.5,0.0,0.0,31.2,0.0,0.0,59.0,0.0,0.0,0.0,0.0,0.0
Ersan Ilyasova,1147.0,1263.5,2006.0,18.5,18.9,29.1,62.0,67.0,69.0,0.0,0.0,0.0
Evan Fournier,2433.0,2680.5,2065.0,37.4,33.1,36.2,65.0,81.0,57.0,0.0,0.0,0.0
Evan Turner,200.5,1758.5,1676.5,11.1,24.1,21.2,18.0,73.0,79.0,0.0,0.0,0.0
Frank Jackson,683.5,990.5,0.0,12.0,16.2,0.0,57.0,61.0,0.0,0.0,0.0,0.0
Frank Kaminsky,863.5,944.5,1914.5,23.3,20.1,24.2,37.0,47.0,79.0,0.0,0.0,0.0
Frank Mason,176.0,503.0,1090.5,19.6,13.2,21.0,9.0,38.0,52.0,0.0,0.0,0.0
Frank Ntilikina,1141.0,730.5,1442.5,20.4,17.0,18.5,56.0,43.0,78.0,0.0,0.0,0.0
Fred VanVleet,2516.5,2005.0,1861.0,48.4,31.3,24.5,52.0,64.0,76.0,0.0,0.0,0.0
Furkan Korkmaz,1412.5,663.0,53.0,19.9,14.1,3.8,71.0,47.0,14.0,0.0,0.0,0.0
Gabe Vincent,48.0,0.0,0.0,5.3,0.0,0.0,9.0,0.0,0.0,0.0,0.0,0.0
Garrett Temple,1586.5,1502.0,1353.0,26.4,20.0,20.8,60.0,75.0,65.0,0.0,0.0,0.0
Garrison Mathews,202.5,0.0,0.0,12.7,0.0,0.0,16.0,0.0,0.0,0.0,0.0,0.0
Gary Clark,480.0,503.5,0.0,11.4,9.9,0.0,42.0,51.0,0.0,0.0,0.0,0.0
Gary Harris,1402.0,1627.0,2572.0,26.0,28.5,38.4,54.0,57.0,67.0,0.0,0.0,0.0
Gary Payton II,470.5,41.5,225.5,16.2,13.8,9.8,29.0,3.0,23.0,0.0,0.0,0.0
Gary Trent Jr.,1204.5,71.0,0.0,20.1,4.7,0.0,60.0,15.0,0.0,0.0,0.0,0.0
George Hill,1511.0,1243.5,1750.5,26.1,20.7,26.1,58.0,60.0,67.0,0.0,0.0,0.0
Georges Niang,794.0,530.0,29.0,12.4,9.0,3.2,64.0,59.0,9.0,0.0,0.0,0.0
Gerald Green,0.0,1293.5,944.0,0.0,17.7,23.0,0.0,73.0,41.0,0.0,0.0,0.0
Giannis Antetokounmpo,5040.5,5833.0,5504.5,81.3,81.0,73.4,62.0,72.0,75.0,198.0,0.0,0.0
Glenn Robinson III,1741.5,444.5,255.5,28.5,9.5,11.1,61.0,47.0,23.0,0.0,0.0,0.0
Goga Bitadze,556.0,0.0,0.0,10.3,0.0,0.0,54.0,0.0,0.0,0.0,0.0,0.0
Goran Dragic,2143.5,1251.5,3017.0,37.0,34.8,40.2,58.0,36.0,75.0,0.0,0.0,0.0
Gordon Hayward,2272.5,2202.0,0.0,45.4,31.0,0.0,50.0,71.0,0.0,10.0,0.0,0.0
Gorgui Dieng,1631.5,1496.0,1510.5,26.3,19.7,19.1,62.0,76.0,79.0,0.0,0.0,0.0
Grant Williams,820.0,0.0,0.0,12.2,0.0,0.0,67.0,0.0,0.0,0.0,0.0,0.0
Grayson Allen,643.0,334.0,0.0,17.9,8.8,0.0,36.0,38.0,0.0,0.0,0.0,0.0
Hamidou Diallo,785.0,480.5,0.0,17.8,9.6,0.0,44.0,50.0,0.0,0.0,0.0,0.0
Harrison Barnes,2296.5,2495.5,3008.5,32.8,32.4,39.1,70.0,77.0,77.0,6.0,0.0,0.0
Harry Giles III,932.0,1129.0,0.0,20.3,19.5,0.0,46.0,58.0,0.0,0.0,0.0,0.0
Hassan Whiteside,3980.0,3367.5,2638.0,61.2,46.8,48.9,65.0,72.0,54.0,4.0,0.0,0.0
Henry Ellenson,9.0,279.5,324.5,1.8,14.7,8.5,5.0,19.0,38.0,0.0,0.0,0.0
Ian Mahinmi,1001.5,534.5,1214.5,26.4,15.7,15.8,38.0,34.0,77.0,0.0,0.0,0.0
Ignas Brazdeikis,33.5,0.0,0.0,3.7,0.0,0.0,9.0,0.0,0.0,0.0,0.0,0.0
Iman Shumpert,157.0,1258.5,169.0,12.1,20.3,13.0,13.0,62.0,13.0,0.0,0.0,0.0
Isaac Bonga,1013.5,112.5,0.0,15.8,5.1,0.0,64.0,22.0,0.0,0.0,0.0,0.0
Isaiah Hartenstein,391.0,225.0,0.0,17.0,8.0,0.0,23.0,28.0,0.0,0.0,0.0,0.0
Isaiah Roby,-0.5,0.0,0.0,-0.2,0.0,0.0,3.0,0.0,0.0,0.0,0.0,0.0
Isaiah Thomas,1032.5,174.0,963.0,25.8,14.5,30.1,40.0,12.0,32.0,0.0,0.0,0.0
Ish Smith,2198.0,1362.5,2533.5,33.3,24.3,30.9,66.0,56.0,82.0,0.0,0.0,0.0
Ivica Zubac,2080.0,1618.0,507.5,29.7,27.4,11.8,70.0,59.0,43.0,0.0,0.0,0.0
J.J. Barea,593.0,1145.0,2299.0,20.4,30.1,33.3,29.0,38.0,69.0,0.0,0.0,0.0
JJ Redick,1696.0,2588.5,2349.0,29.2,34.5,33.6,58.0,75.0,70.0,3.0,0.0,0.0
Ja Morant,3149.5,0.0,0.0,48.5,0.0,0.0,65.0,0.0,0.0,5.0,0.0,0.0
JaKarr Sampson,462.0,181.0,372.5,13.6,45.2,16.9,34.0,4.0,22.0,0.0,0.0,0.0
JaMychal Green,1282.0,1676.0,1809.0,21.0,25.8,32.9,61.0,65.0,55.0,0.0,0.0,0.0
JaVale McGee,1681.0,2940.0,1029.0,25.5,39.2,15.8,66.0,75.0,65.0,2.0,0.0,0.0
Jabari Parker,1269.0,2242.5,959.5,34.3,35.0,31.0,37.0,64.0,31.0,2.0,0.0,0.0
Jacob Evans,290.0,141.0,0.0,10.4,4.7,0.0,28.0,30.0,0.0,0.0,0.0,0.0
Jae Crowder,1907.5,2183.0,1702.5,30.3,27.3,21.6,63.0,80.0,79.0,0.0,0.0,0.0
Jahlil Okafor,664.0,1361.5,442.0,23.7,23.1,15.8,28.0,59.0,28.0,0.0,0.0,0.0
Jake Layman,407.0,1310.0,106.5,19.4,18.5,3.0,21.0,71.0,35.0,0.0,0.0,0.0
Jakob Poeltl,1764.5,1748.5,1978.5,27.1,22.7,24.1,65.0,77.0,82.0,0.0,0.0,0.0
Jalen Brunson,1199.5,1704.5,0.0,21.8,23.3,0.0,55.0,73.0,0.0,0.0,0.0,0.0
Jalen Lecque,15.0,0.0,0.0,3.0,0.0,0.0,5.0,0.0,0.0,0.0,0.0,0.0
Jalen McDaniels,248.5,0.0,0.0,16.6,0.0,0.0,15.0,0.0,0.0,0.0,0.0,0.0
Jamal Murray,2481.0,3227.5,2990.0,43.5,43.0,36.9,57.0,75.0,81.0,11.0,0.0,0.0
James Ennis III,1180.5,1031.5,1308.5,17.4,17.8,18.2,68.0,58.0,72.0,0.0,0.0,0.0
James Harden,5228.0,6318.5,5289.0,78.0,81.0,74.5,67.0,78.0,71.0,187.0,0.0,0.0
James Johnson,814.5,1182.5,2435.0,25.5,21.5,33.4,32.0,55.0,73.0,0.0,0.0,0.0
Jared Dudley,250.0,865.0,557.0,5.8,14.7,11.6,43.0,59.0,48.0,0.0,0.0,0.0
Jared Harper,2.0,0.0,0.0,1.0,0.0,0.0,2.0,0.0,0.0,0.0,0.0,0.0
Jaren Jackson Jr.,2139.0,1970.5,0.0,38.9,34.0,0.0,55.0,58.0,0.0,36.0,0.0,0.0
Jarred Vanderbilt,34.5,76.5,0.0,3.1,4.5,0.0,11.0,17.0,0.0,0.0,0.0,0.0
Jarrell Brantley,83.0,0.0,0.0,10.4,0.0,0.0,8.0,0.0,0.0,0.0,0.0,0.0
Jarrett Allen,2908.0,3084.5,1863.5,42.8,38.6,25.9,68.0,80.0,72.0,4.0,0.0,0.0
Jarrett Culver,1445.5,0.0,0.0,23.7,0.0,0.0,61.0,0.0,0.0,0.0,0.0,0.0
Javonte Green,470.0,0.0,0.0,10.0,0.0,0.0,47.0,0.0,0.0,0.0,0.0,0.0
Jaxson Hayes,1436.0,0.0,0.0,22.4,0.0,0.0,64.0,0.0,0.0,0.0,0.0,0.0
Jaylen Brown,2393.5,2101.0,2165.5,43.5,28.8,31.4,55.0,73.0,69.0,0.0,0.0,0.0
Jaylen Hoard,115.0,0.0,0.0,8.8,0.0,0.0,13.0,0.0,0.0,0.0,0.0,0.0
Jaylen Nowell,138.0,0.0,0.0,9.2,0.0,0.0,15.0,0.0,0.0,0.0,0.0,0.0
Jayson Tatum,3388.0,2987.0,2624.5,52.9,38.3,33.2,64.0,78.0,79.0,50.0,0.0,0.0
Jeff Green,960.0,2152.5,1874.5,20.9,28.0,24.3,46.0,77.0,77.0,0.0,0.0,0.0
Jeff Teague,1793.5,1797.0,3036.5,31.5,42.8,43.4,57.0,42.0,70.0,1.0,0.0,0.0
Jerami Grant,1950.5,2740.5,1837.5,28.3,34.7,22.7,69.0,79.0,81.0,0.0,0.0,0.0
Jeremiah Martin,165.0,0.0,0.0,18.3,0.0,0.0,9.0,0.0,0.0,0.0,0.0,0.0
Jeremy Lamb,1420.5,2920.0,2429.0,31.6,37.0,30.4,45.0,79.0,80.0,2.0,0.0,0.0
Jerome Robinson,809.5,255.5,0.0,13.1,7.7,0.0,62.0,33.0,0.0,0.0,0.0,0.0
Jevon Carter,859.0,510.0,0.0,15.3,13.1,0.0,56.0,39.0,0.0,0.0,0.0,0.0
Jimmy Butler,3317.5,3218.0,3247.0,57.2,49.5,55.0,58.0,65.0,59.0,85.0,0.0,0.0
Joe Harris,2088.5,2275.5,1879.5,31.2,29.9,24.1,67.0,76.0,78.0,1.0,0.0,0.0
Joe Ingles,2182.5,2974.0,2769.5,31.2,36.3,33.8,70.0,82.0,82.0,2.0,0.0,0.0
Joel Embiid,3165.5,4836.5,3861.0,63.3,76.8,61.3,50.0,63.0,63.0,170.0,0.0,0.0
John Collins,2395.0,3194.5,2496.0,59.9,52.4,33.7,40.0,61.0,74.0,68.0,0.0,0.0
John Henson,840.5,272.5,2448.0,21.0,19.5,32.2,40.0,14.0,76.0,0.0,0.0,0.0
John Konchar,225.0,0.0,0.0,11.8,0.0,0.0,19.0,0.0,0.0,0.0,0.0,0.0
John Wall,0.0,1853.0,2467.0,0.0,57.9,60.2,0.0,32.0,41.0,0.0,0.0,0.0
Johnathan Motley,69.5,237.5,227.5,5.8,10.8,20.7,12.0,22.0,11.0,0.0,0.0,0.0
Johnathan Williams,198.5,463.5,0.0,13.2,19.3,0.0,15.0,24.0,0.0,0.0,0.0,0.0
Jonah Bolden,35.5,745.5,0.0,5.1,17.3,0.0,7.0,43.0,0.0,0.0,0.0,0.0
Jonas Valanciunas,3407.5,2096.5,2927.5,50.1,42.8,38.0,68.0,49.0,77.0,3.0,0.0,0.0
Jonathan Isaac,1380.5,2136.0,515.0,41.8,28.5,19.1,33.0,75.0,27.0,5.0,0.0,0.0
Jordan Bell,278.0,930.5,1151.5,9.9,13.9,20.6,28.0,67.0,56.0,0.0,0.0,0.0
Jordan Bone,33.0,0.0,0.0,3.3,0.0,0.0,10.0,0.0,0.0,0.0,0.0,0.0
Jordan Clarkson,2083.5,2696.5,2353.5,29.8,33.3,29.1,70.0,81.0,81.0,0.0,0.0,0.0
Jordan McLaughlin,770.5,0.0,0.0,25.7,0.0,0.0,30.0,0.0,0.0,0.0,0.0,0.0
Jordan McRae,963.5,383.0,0.0,26.8,14.2,0.0,36.0,27.0,0.0,0.0,0.0,0.0
Jordan Poole,1050.5,0.0,0.0,18.8,0.0,0.0,56.0,0.0,0.0,0.0,0.0,0.0
Josh Gray,1.0,0.0,93.0,0.5,0.0,18.6,2.0,0.0,5.0,0.0,0.0,0.0
Josh Hart,1772.5,1478.5,1394.0,28.1,22.1,22.1,63.0,67.0,63.0,0.0,0.0,0.0
Josh Jackson,465.5,2207.5,2220.0,21.2,27.9,28.8,22.0,79.0,77.0,0.0,0.0,0.0
Josh Magette,36.5,0.0,231.5,4.6,0.0,12.9,8.0,0.0,18.0,0.0,0.0,0.0
Josh Okogie,1390.0,1494.0,0.0,23.2,20.2,0.0,60.0,74.0,0.0,0.0,0.0,0.0
Josh Reaves,21.0,0.0,0.0,5.2,0.0,0.0,4.0,0.0,0.0,0.0,0.0,0.0
Josh Richardson,1705.0,2860.5,2786.5,31.6,39.2,34.4,54.0,73.0,81.0,3.0,0.0,0.0
Jrue Holiday,3177.0,4009.5,4146.0,53.8,59.8,51.2,59.0,67.0,81.0,79.0,0.0,0.0
Juancho Hernangomez,783.5,1168.0,216.5,16.3,16.7,8.7,48.0,70.0,25.0,0.0,0.0,0.0
Julius Randle,3038.0,3886.5,3497.0,49.0,53.2,42.6,62.0,73.0,82.0,51.0,0.0,0.0
Justin Anderson,81.5,481.0,539.0,8.2,10.0,14.2,10.0,48.0,38.0,0.0,0.0,0.0
Justin Holiday,1684.0,2184.0,2037.5,23.4,26.6,28.3,72.0,82.0,72.0,0.0,0.0,0.0
Justin Jackson,804.0,1395.0,1069.5,12.8,17.2,15.7,63.0,81.0,68.0,0.0,0.0,0.0
Justin James,233.0,0.0,0.0,6.7,0.0,0.0,35.0,0.0,0.0,0.0,0.0,0.0
Justin Patton,18.5,26.0,6.0,3.7,8.7,6.0,5.0,3.0,1.0,0.0,0.0,0.0
Justin Robinson,40.5,0.0,0.0,5.1,0.0,0.0,8.0,0.0,0.0,0.0,0.0,0.0
Justin Wright-Foreman,44.5,0.0,0.0,11.1,0.0,0.0,4.0,0.0,0.0,0.0,0.0,0.0
Justise Winslow,295.5,2328.0,1686.0,29.6,35.3,24.8,10.0,66.0,68.0,1.0,0.0,0.0
Jusuf Nurkic,480.0,3874.0,3443.0,60.0,53.8,43.6,8.0,72.0,79.0,0.0,0.0,0.0
Juwan Morgan,107.5,0.0,0.0,5.1,0.0,0.0,21.0,0.0,0.0,0.0,0.0,0.0
KZ Okpala,27.5,0.0,0.0,6.9,0.0,0.0,4.0,0.0,0.0,0.0,0.0,0.0
Kadeem Allen,137.5,532.0,61.0,13.8,28.0,3.4,10.0,19.0,18.0,0.0,0.0,0.0
Karl-Anthony Towns,2264.5,5397.0,5378.0,68.6,70.1,65.6,33.0,77.0,82.0,172.0,0.0,0.0
Kawhi Leonard,3539.5,3646.0,364.0,64.4,60.8,40.4,55.0,60.0,9.0,167.0,0.0,0.0
Keita Bates-Diop,733.0,421.0,0.0,16.7,14.0,0.0,44.0,30.0,0.0,0.0,0.0,0.0
Kelan Martin,436.0,0.0,0.0,14.5,0.0,0.0,30.0,0.0,0.0,0.0,0.0,0.0
Keldon Johnson,375.5,0.0,0.0,22.1,0.0,0.0,17.0,0.0,0.0,0.0,0.0,0.0
Kelly Olynyk,1507.0,2012.5,2391.5,22.8,25.5,31.5,66.0,79.0,76.0,1.0,0.0,0.0
Kelly Oubre Jr.,2291.5,2354.0,2140.0,42.4,34.1,26.4,54.0,69.0,81.0,1.0,0.0,0.0
Kemba Walker,2477.5,4644.5,3894.5,45.9,56.6,48.7,54.0,82.0,80.0,81.0,0.0,0.0
Kendrick Nunn,2114.5,0.0,0.0,32.0,0.0,0.0,66.0,0.0,0.0,1.0,0.0,0.0
Kenrich Williams,601.5,987.5,0.0,16.3,21.5,0.0,37.0,46.0,0.0,0.0,0.0,0.0
Kent Bazemore,1467.0,1894.0,2159.5,22.2,28.3,33.2,66.0,67.0,65.0,0.0,0.0,0.0
Kentavious Caldwell-Pope,1459.0,1979.0,2440.0,21.8,24.1,33.0,67.0,82.0,74.0,0.0,0.0,0.0
Kevin Durant,0.0,4835.5,4391.0,0.0,62.8,65.5,0.0,77.0,67.0,0.0,0.0,0.0
Kevin Hervey,44.5,0.0,0.0,4.4,0.0,0.0,10.0,0.0,0.0,0.0,0.0,0.0
Kevin Huerter,1822.0,1916.0,0.0,33.1,25.5,0.0,55.0,75.0,0.0,0.0,0.0,0.0
Kevin Knox II,915.5,1864.5,0.0,14.5,24.9,0.0,63.0,75.0,0.0,0.0,0.0,0.0
Kevin Love,2499.5,968.5,2703.0,45.4,44.0,46.6,55.0,22.0,58.0,53.0,0.0,0.0
Kevin Porter Jr.,1141.5,0.0,0.0,23.3,0.0,0.0,49.0,0.0,0.0,0.0,0.0,0.0
Kevon Looney,245.5,1889.5,1058.0,12.9,23.9,16.3,19.0,79.0,65.0,0.0,0.0,0.0
Khem Birch,827.5,866.5,714.5,17.2,17.3,17.0,48.0,50.0,42.0,0.0,0.0,0.0
Khris Middleton,2944.5,3292.0,3769.5,48.3,42.8,46.0,61.0,77.0,82.0,41.0,0.0,0.0
Khyri Thomas,31.5,146.5,0.0,3.9,5.6,0.0,8.0,26.0,0.0,0.0,0.0,0.0
Klay Thompson,0.0,3398.0,2925.5,0.0,44.1,40.6,0.0,77.0,72.0,0.0,0.0,0.0
Kobi Simmons,0.0,0.0,491.0,0.0,0.0,15.3,0.0,1.0,32.0,0.0,0.0,0.0
Kostas Antetokounmpo,19.5,5.5,0.0,4.9,2.8,0.0,4.0,2.0,0.0,0.0,0.0,0.0
Kris Dunn,1313.0,1718.0,2142.5,26.8,37.3,41.2,49.0,46.0,52.0,0.0,0.0,0.0
Kristaps Porzingis,3033.5,0.0,2477.5,55.2,0.0,51.6,55.0,0.0,48.0,72.0,0.0,0.0
Ky Bowman,954.0,0.0,0.0,21.7,0.0,0.0,44.0,0.0,0.0,0.0,0.0,0.0
Kyle Alexander,6.0,0.0,0.0,3.0,0.0,0.0,2.0,0.0,0.0,0.0,0.0,0.0
Kyle Anderson,1415.0,1352.5,2301.0,21.8,31.5,31.1,65.0,43.0,74.0,0.0,0.0,0.0
Kyle Guy,7.5,0.0,0.0,2.5,0.0,0.0,3.0,0.0,0.0,0.0,0.0,0.0
Kyle Korver,855.5,1195.5,1445.0,15.0,17.1,20.1,57.0,70.0,72.0,0.0,0.0,0.0
Kyle Kuzma,1610.5,2688.5,2819.5,26.4,38.4,36.6,61.0,70.0,77.0,3.0,0.0,0.0
Kyle Lowry,2986.5,3253.5,3820.0,53.3,50.1,49.0,56.0,65.0,78.0,33.0,0.0,0.0
Kyle O'Quinn,506.0,591.0,2204.0,18.1,13.1,28.6,28.0,45.0,77.0,0.0,0.0,0.0
Kyrie Irving,1137.5,4188.0,3079.5,63.2,63.5,52.2,18.0,66.0,59.0,88.0,0.0,0.0
LaMarcus Aldridge,2679.0,4641.5,4362.5,51.5,57.3,58.2,52.0,81.0,75.0,70.0,0.0,0.0
Landry Shamet,980.0,1514.0,0.0,19.2,19.4,0.0,51.0,78.0,0.0,0.0,0.0,0.0
Langston Galloway,1446.0,1407.5,797.0,22.6,17.6,13.7,64.0,80.0,58.0,0.0,0.0,0.0
Larry Nance Jr.,1874.0,2616.0,2108.0,34.1,39.0,31.9,55.0,67.0,66.0,3.0,0.0,0.0
Lauri Markkanen,1534.0,2351.5,2459.5,32.0,45.2,36.2,48.0,52.0,68.0,63.0,0.0,0.0
LeBron James,5009.5,4156.5,6535.5,77.1,75.6,80.7,65.0,55.0,81.0,165.0,0.0,0.0
Lonnie Walker IV,935.0,122.5,0.0,15.3,7.2,0.0,61.0,17.0,0.0,0.0,0.0,0.0
Lonzo Ball,2647.5,1671.0,2319.0,43.4,35.6,44.6,61.0,47.0,52.0,4.0,0.0,0.0
Lou Williams,2496.0,3291.5,3697.5,39.6,43.9,46.8,63.0,75.0,79.0,30.0,0.0,0.0
Louis King,50.0,0.0,0.0,5.0,0.0,0.0,10.0,0.0,0.0,0.0,0.0,0.0
Luguentz Dort,554.5,0.0,0.0,15.4,0.0,0.0,36.0,0.0,0.0,0.0,0.0,0.0
Luka Doncic,4546.5,3922.0,0.0,77.1,54.5,0.0,59.0,72.0,0.0,120.0,0.0,0.0
Luka Samanic,49.5,0.0,0.0,16.5,0.0,0.0,3.0,0.0,0.0,0.0,0.0,0.0
Luke Kennard,907.5,1338.0,1351.5,34.9,21.2,18.5,26.0,63.0,73.0,0.0,0.0,0.0
Luke Kornet,568.0,925.0,382.5,16.7,20.1,19.1,34.0,46.0,20.0,0.0,0.0,0.0
Malcolm Brogdon,2405.5,2355.5,1518.5,45.4,36.8,31.6,53.0,64.0,48.0,3.0,0.0,0.0
Malcolm Miller,105.0,63.0,81.0,3.8,6.3,5.4,28.0,10.0,15.0,0.0,0.0,0.0
Malik Beasley,1200.0,1884.0,447.0,22.6,23.3,7.2,53.0,81.0,62.0,0.0,0.0,0.0
Malik Monk,1206.5,1312.0,830.0,22.8,18.0,13.2,53.0,73.0,63.0,0.0,0.0,0.0
Marc Gasol,1271.5,3559.0,3596.0,30.3,45.1,49.3,42.0,79.0,73.0,8.0,0.0,0.0
Marco Belinelli,756.0,1674.0,1954.5,13.5,21.2,24.4,56.0,79.0,80.0,0.0,0.0,0.0
Marcus Morris Sr.,2057.0,2314.0,1566.5,34.3,31.3,29.0,60.0,74.0,54.0,1.0,0.0,0.0
Marcus Smart,2194.5,2340.0,1575.5,37.8,29.6,29.7,58.0,79.0,53.0,0.0,0.0,0.0
Marial Shayok,20.5,0.0,0.0,5.1,0.0,0.0,4.0,0.0,0.0,0.0,0.0,0.0
Mario Hezonja,740.5,1212.0,1796.5,14.5,20.9,24.0,51.0,58.0,75.0,0.0,0.0,0.0
Markelle Fultz,2465.0,463.0,358.0,34.7,25.7,25.6,71.0,18.0,14.0,0.0,0.0,0.0
Markieff Morris,1216.0,1370.0,2164.0,21.7,23.6,29.6,56.0,58.0,73.0,0.0,0.0,0.0
Marko Guduric,395.5,0.0,0.0,9.4,0.0,0.0,42.0,0.0,0.0,0.0,0.0,0.0
Marquese Chriss,1851.5,493.5,1675.0,31.9,11.5,23.3,58.0,43.0,72.0,0.0,0.0,0.0
Marvin Bagley III,426.0,2446.0,0.0,35.5,39.5,0.0,12.0,62.0,0.0,57.0,0.0,0.0
Marvin Williams,970.5,2148.0,1957.5,17.3,28.6,25.1,56.0,75.0,78.0,0.0,0.0,0.0
Mason Plumlee,1516.5,2586.5,1958.0,25.7,31.5,26.5,59.0,82.0,74.0,0.0,0.0,0.0
Matisse Thybulle,1102.0,0.0,0.0,17.2,0.0,0.0,64.0,0.0,0.0,0.0,0.0,0.0
Matt Mooney,16.5,0.0,0.0,4.1,0.0,0.0,4.0,0.0,0.0,0.0,0.0,0.0
Matt Thomas,424.0,0.0,0.0,10.3,0.0,0.0,41.0,0.0,0.0,0.0,0.0,0.0
Matthew Dellavedova,700.5,823.5,598.5,12.5,17.2,15.8,56.0,48.0,38.0,0.0,0.0,0.0
Maurice Harkless,1101.5,1520.0,1134.0,18.4,25.3,19.2,60.0,60.0,59.0,0.0,0.0,0.0
Max Strus,9.5,0.0,0.0,4.8,0.0,0.0,2.0,0.0,0.0,0.0,0.0,0.0
Maxi Kleber,1929.5,1605.5,1192.5,26.8,22.6,16.6,72.0,71.0,72.0,0.0,0.0,0.0
Melvin Frazier Jr.,101.5,26.0,0.0,5.3,2.6,0.0,19.0,10.0,0.0,0.0,0.0,0.0
Meyers Leonard,917.0,1015.5,297.5,18.3,16.6,9.0,50.0,61.0,33.0,4.0,0.0,0.0
Mfiondu Kabengele,76.5,0.0,0.0,7.0,0.0,0.0,11.0,0.0,0.0,0.0,0.0,0.0
Michael Carter-Williams,1032.0,510.0,881.5,23.5,18.2,17.0,44.0,28.0,52.0,0.0,0.0,0.0
Michael Frazier,35.0,0.0,0.0,2.7,0.0,0.0,13.0,0.0,0.0,0.0,0.0,0.0
Michael Kidd-Gilchrist,177.0,1273.5,1754.0,7.4,19.9,23.7,24.0,64.0,74.0,0.0,0.0,0.0
Michael Porter Jr.,1367.0,0.0,0.0,24.9,0.0,0.0,55.0,0.0,0.0,0.0,0.0,0.0
Mikal Bridges,1977.0,2075.0,0.0,27.8,25.3,0.0,71.0,82.0,0.0,1.0,0.0,0.0
Mike Conley,1536.5,3669.0,428.0,34.1,52.4,35.7,45.0,70.0,12.0,58.0,0.0,0.0
Mike Muscala,544.0,1214.5,1121.0,12.1,19.0,21.2,45.0,64.0,53.0,0.0,0.0,0.0
Mike Scott,1025.5,1142.0,1435.5,15.3,14.5,18.9,67.0,79.0,76.0,0.0,0.0,0.0
Miles Bridges,1984.5,1731.0,0.0,31.5,21.6,0.0,63.0,80.0,0.0,1.0,0.0,0.0
Mitchell Robinson,2246.0,2289.5,0.0,37.4,34.7,0.0,60.0,66.0,0.0,61.0,0.0,0.0
Miye Oni,89.5,0.0,0.0,9.0,0.0,0.0,10.0,0.0,0.0,0.0,0.0,0.0
Mo Bamba,1295.0,1020.0,0.0,21.2,21.7,0.0,61.0,47.0,0.0,0.0,0.0,0.0
Monte Morris,1848.0,2356.5,42.0,26.0,28.7,14.0,71.0,82.0,3.0,0.0,0.0,0.0
Montrezl Harrell,2864.0,3747.0,2058.0,47.0,45.7,27.1,61.0,82.0,76.0,52.0,0.0,0.0
Moritz Wagner,1009.0,443.5,0.0,23.5,10.3,0.0,43.0,43.0,0.0,0.0,0.0,0.0
Moses Brown,33.5,0.0,0.0,3.7,0.0,0.0,9.0,0.0,0.0,0.0,0.0,0.0
Myles Turner,2236.5,3283.0,2414.5,36.7,44.4,37.1,61.0,74.0,65.0,65.0,0.0,0.0
Nassir Little,493.5,0.0,0.0,10.5,0.0,0.0,47.0,0.0,0.0,0.0,0.0,0.0
Naz Mitrou-Long,42.5,52.0,5.5,8.5,3.7,5.5,5.0,14.0,1.0,0.0,0.0,0.0
Naz Reid,724.0,0.0,0.0,24.1,0.0,0.0,30.0,0.0,0.0,0.0,0.0,0.0
Nemanja Bjelica,2481.0,2311.0,1308.5,35.4,30.0,19.5,70.0,77.0,67.0,0.0,0.0,0.0
Nene,0.0,533.0,912.5,0.0,12.7,17.5,0.0,42.0,52.0,0.0,0.0,0.0
Nerlens Noel,1669.5,1625.5,610.0,28.3,21.4,20.3,59.0,76.0,30.0,0.0,0.0,0.0
Nickeil Alexander-Walker,597.5,0.0,0.0,13.3,0.0,0.0,45.0,0.0,0.0,0.0,0.0,0.0
Nicolas Batum,418.0,2211.0,2349.5,19.9,29.5,36.7,21.0,75.0,64.0,0.0,0.0,0.0
Nicolas Claxton,214.5,0.0,0.0,14.3,0.0,0.0,15.0,0.0,0.0,0.0,0.0,0.0
Nicolo Melli,1007.0,0.0,0.0,17.4,0.0,0.0,58.0,0.0,0.0,0.0,0.0,0.0
Nigel Williams-Goss,46.5,0.0,0.0,5.2,0.0,0.0,9.0,0.0,0.0,0.0,0.0,0.0
Nikola Jokic,4680.0,5606.5,4741.0,65.9,70.1,63.2,71.0,80.0,75.0,182.0,0.0,0.0
Nikola Vucevic,3627.5,5308.5,2940.5,59.5,66.4,51.6,61.0,80.0,57.0,120.0,0.0,0.0
Noah Vonleh,412.0,2108.0,918.0,12.1,31.0,17.0,34.0,68.0,54.0,0.0,0.0,0.0
Norman Powell,1728.0,1165.0,895.5,34.6,19.4,12.8,50.0,60.0,70.0,0.0,0.0,0.0
Norvel Pelle,291.5,0.0,0.0,12.1,0.0,0.0,24.0,0.0,0.0,0.0,0.0,0.0
OG Anunoby,2082.5,1126.0,1097.5,31.1,16.8,14.8,67.0,67.0,74.0,0.0,0.0,0.0
Omari Spellman,1002.5,897.0,0.0,20.9,19.5,0.0,48.0,46.0,0.0,0.0,0.0,0.0
Oshae Brissett,99.5,0.0,0.0,5.2,0.0,0.0,19.0,0.0,0.0,0.0,0.0,0.0
Otto Porter Jr.,369.5,2082.5,3153.5,30.8,37.2,41.0,12.0,56.0,77.0,21.0,0.0,0.0
P.J. Tucker,1798.0,2086.5,1579.0,25.3,25.4,19.5,71.0,82.0,81.0,0.0,0.0,0.0
P.J. Washington,1764.5,0.0,0.0,31.5,0.0,0.0,56.0,0.0,0.0,0.0,0.0,0.0
PJ Dozier,461.5,75.0,2.0,15.9,12.5,1.0,29.0,6.0,2.0,0.0,0.0,0.0
Pascal Siakam,3014.5,3609.0,1894.5,52.0,45.1,23.4,58.0,80.0,81.0,52.0,0.0,0.0
Pat Connaughton,1173.0,1347.0,1092.5,17.8,22.1,13.3,66.0,61.0,82.0,0.0,0.0,0.0
Patrick Beverley,1449.0,2284.0,350.0,29.6,29.3,31.8,49.0,78.0,11.0,0.0,0.0,0.0
Patrick McCaw,613.5,270.0,665.5,16.6,9.3,11.9,37.0,29.0,56.0,0.0,0.0,0.0
Patrick Patterson,639.5,591.0,965.0,11.2,9.5,11.8,57.0,62.0,82.0,0.0,0.0,0.0
Patty Mills,1536.0,1936.0,1857.5,23.6,23.6,22.7,65.0,82.0,82.0,0.0,0.0,0.0
Paul George,2297.0,4971.5,3841.5,47.9,65.4,48.6,48.0,76.0,79.0,97.0,0.0,0.0
Paul Millsap,1553.5,2684.0,1514.5,31.7,38.3,39.9,49.0,70.0,38.0,2.0,0.0,0.0
Paul Watson,89.5,0.0,0.0,9.0,0.0,0.0,10.0,0.0,0.0,0.0,0.0,0.0
Quinn Cook,452.5,1160.5,747.0,10.8,15.9,22.6,42.0,73.0,33.0,0.0,0.0,0.0
Quinndary Weatherspoon,51.0,0.0,0.0,4.6,0.0,0.0,11.0,0.0,0.0,0.0,0.0,0.0
RJ Barrett,1657.5,0.0,0.0,30.7,0.0,0.0,54.0,0.0,0.0,11.0,0.0,0.0
Rajon Rondo,1188.5,1858.0,2498.5,24.8,40.4,38.4,48.0,46.0,65.0,1.0,0.0,0.0
Raul Neto,700.0,563.5,485.5,13.2,15.2,11.8,53.0,37.0,41.0,0.0,0.0,0.0
Ray Spalding,0.0,203.5,0.0,0.0,14.5,0.0,0.0,14.0,0.0,0.0,0.0,0.0
Rayjon Tucker,110.5,0.0,0.0,5.5,0.0,0.0,20.0,0.0,0.0,0.0,0.0,0.0
Reggie Bullock,543.5,1515.5,1538.0,18.7,24.1,24.8,29.0,63.0,62.0,0.0,0.0,0.0
Reggie Jackson,861.0,2756.0,1546.0,29.7,33.6,34.4,29.0,82.0,45.0,0.0,0.0,0.0
Richaun Holmes,1772.0,1858.0,1016.5,42.2,26.5,21.2,42.0,70.0,48.0,0.0,0.0,0.0
Ricky Rubio,3058.5,2500.5,2910.0,48.5,36.8,37.8,63.0,68.0,77.0,125.0,0.0,0.0
Robert Covington,2434.5,1285.0,2753.5,35.8,37.8,34.4,68.0,34.0,80.0,8.0,0.0,0.0
Robert Williams III,589.0,421.5,0.0,21.8,13.2,0.0,27.0,32.0,0.0,0.0,0.0,0.0
Robin Lopez,914.0,1888.5,1943.5,14.1,25.5,30.4,65.0,74.0,64.0,0.0,0.0,0.0
Rodions Kurucs,566.0,1255.5,0.0,12.6,19.9,0.0,45.0,63.0,0.0,0.0,0.0,0.0
Rodney Hood,485.5,1733.0,1688.5,25.6,24.1,28.1,19.0,72.0,60.0,0.0,0.0,0.0
Rodney McGruder,566.0,1292.5,246.0,10.1,19.6,13.7,56.0,66.0,18.0,0.0,0.0,0.0
Romeo Langford,217.0,0.0,0.0,6.8,0.0,0.0,32.0,0.0,0.0,0.0,0.0,0.0
Rondae Hollis-Jefferson,1380.0,1476.0,2594.0,23.0,25.0,38.1,60.0,59.0,68.0,0.0,0.0,0.0
Royce O'Neale,1642.5,1350.5,1038.5,23.8,16.5,15.1,69.0,82.0,69.0,0.0,0.0,0.0
Rudy Gay,1789.5,2538.5,1622.0,27.1,36.8,28.5,66.0,69.0,57.0,1.0,0.0,0.0
Rudy Gobert,3843.0,5049.5,2850.5,58.2,62.3,50.9,66.0,81.0,56.0,93.0,0.0,0.0
Rui Hachimura,1501.5,0.0,0.0,32.6,0.0,0.0,46.0,0.0,0.0,0.0,0.0,0.0
Russell Westbrook,3815.5,5936.0,6420.0,68.1,81.3,80.2,56.0,73.0,80.0,160.0,0.0,0.0
Ryan Anderson,17.5,175.5,1472.5,8.8,7.0,22.7,2.0,25.0,65.0,0.0,0.0,0.0
Ryan Arcidiacono,715.5,1763.5,188.0,12.8,21.8,7.8,56.0,81.0,24.0,0.0,0.0,0.0
Ryan Broekhoff,187.5,362.0,0.0,11.0,8.6,0.0,17.0,42.0,0.0,0.0,0.0,0.0
Sekou Doumbouya,537.5,0.0,0.0,14.1,0.0,0.0,38.0,0.0,0.0,0.0,0.0,0.0
Semi Ojeleye,626.0,417.5,511.5,9.3,7.6,7.1,67.0,55.0,72.0,0.0,0.0,0.0
Serge Ibaka,2184.0,3132.5,2466.0,41.2,42.3,32.4,53.0,74.0,76.0,4.0,0.0,0.0
Seth Curry,1638.0,1180.5,0.0,26.4,16.0,0.0,62.0,74.0,0.0,0.0,0.0,0.0
Shabazz Napier,1575.5,1236.0,1575.5,29.2,22.1,21.3,54.0,56.0,74.0,0.0,0.0,0.0
Shai Gilgeous-Alexander,3075.5,2438.5,0.0,45.2,29.7,0.0,68.0,82.0,0.0,2.0,0.0,0.0
Shake Milton,899.0,245.0,0.0,23.1,12.2,0.0,39.0,20.0,0.0,0.0,0.0,0.0
Shamorie Ponds,24.0,0.0,0.0,6.0,0.0,0.0,4.0,0.0,0.0,0.0,0.0,0.0
Shaquille Harrison,672.5,1520.5,492.5,16.0,20.8,21.4,42.0,73.0,23.0,0.0,0.0,0.0
Skal Labissiere,698.0,204.0,1461.5,22.5,9.3,24.4,31.0,22.0,60.0,0.0,0.0,0.0
Solomon Hill,955.0,594.0,133.0,16.2,13.5,11.1,59.0,44.0,12.0,0.0,0.0,0.0
Spencer Dinwiddie,2983.5,2444.5,3034.0,48.1,35.9,37.9,62.0,68.0,80.0,0.0,0.0,0.0
Stanley Johnson,167.5,1124.5,1534.0,7.0,17.0,22.2,24.0,66.0,69.0,0.0,0.0,0.0
Stanton Kidd,-2.5,0.0,0.0,-0.8,0.0,0.0,3.0,0.0,0.0,0.0,0.0,0.0
Stephen Curry,218.0,3982.0,3008.0,54.5,58.6,60.2,4.0,68.0,50.0,181.0,0.0,0.0
Sterling Brown,716.5,958.0,617.5,14.0,16.5,11.4,51.0,58.0,54.0,0.0,0.0,0.0
Steven Adams,2587.0,3739.5,3513.0,42.4,47.3,46.2,61.0,79.0,76.0,30.0,0.0,0.0
Svi Mykhailiuk,1088.5,297.5,0.0,19.4,7.1,0.0,56.0,42.0,0.0,0.0,0.0,0.0
T.J. McConnell,1823.5,1680.5,1863.0,26.0,22.4,24.5,70.0,75.0,76.0,0.0,0.0,0.0
T.J. Warren,2785.5,1655.0,2767.5,42.2,38.5,42.6,66.0,43.0,65.0,2.0,0.0,0.0
TJ Leaf,266.5,648.5,368.5,9.9,11.2,7.0,27.0,58.0,53.0,0.0,0.0,0.0
Tacko Fall,69.0,0.0,0.0,9.9,0.0,0.0,7.0,0.0,0.0,0.0,0.0,0.0
Taj Gibson,1180.0,2276.5,2972.5,19.7,32.5,36.2,60.0,70.0,82.0,0.0,0.0,0.0
Talen Horton-Tucker,86.5,0.0,0.0,14.4,0.0,0.0,6.0,0.0,0.0,0.0,0.0,0.0
Tariq Owens,11.5,0.0,0.0,3.8,0.0,0.0,3.0,0.0,0.0,0.0,0.0,0.0
Taurean Prince,1730.5,1584.0,2663.0,27.9,28.8,32.5,62.0,55.0,82.0,1.0,0.0,0.0
Terance Mann,362.0,0.0,0.0,9.0,0.0,0.0,40.0,0.0,0.0,0.0,0.0,0.0
Terence Davis,1341.0,0.0,0.0,19.2,0.0,0.0,70.0,0.0,0.0,0.0,0.0,0.0
Terrance Ferguson,561.0,1132.5,452.0,10.4,15.5,7.4,54.0,73.0,61.0,0.0,0.0,0.0
Terrence Ross,1961.5,2482.5,518.0,28.8,30.6,21.6,68.0,81.0,24.0,1.0,0.0,0.0
Terry Rozier,2440.0,1977.0,2364.0,40.0,25.3,29.9,61.0,78.0,79.0,12.0,0.0,0.0
Thabo Sefolosha,376.5,580.0,887.5,9.4,11.6,23.4,40.0,50.0,38.0,0.0,0.0,0.0
Thaddeus Young,1741.5,3104.5,2875.5,28.1,38.3,35.5,62.0,81.0,81.0,2.0,0.0,0.0
Thanasis Antetokounmpo,151.0,0.0,0.0,7.6,0.0,0.0,20.0,0.0,0.0,0.0,0.0,0.0
Theo Pinson,327.0,172.0,0.0,9.9,9.6,0.0,33.0,18.0,0.0,0.0,0.0,0.0
Thomas Bryant,1713.5,2323.5,66.5,38.9,32.3,4.4,44.0,72.0,15.0,27.0,0.0,0.0
Thon Maker,854.0,974.5,1124.0,14.7,15.2,15.2,58.0,64.0,74.0,0.0,0.0,0.0
Tim Frazier,374.5,1257.5,904.5,15.0,21.3,15.3,25.0,59.0,59.0,0.0,0.0,0.0
Tim Hardaway Jr.,2139.0,2212.5,2040.0,31.0,34.0,35.8,69.0,65.0,57.0,0.0,0.0,0.0
Timothe Luwawu-Cabarrot,742.5,522.5,584.0,15.8,10.4,11.2,47.0,50.0,52.0,0.0,0.0,0.0
Tobias Harris,3311.0,3824.5,3270.5,46.6,46.6,40.9,71.0,82.0,80.0,30.0,0.0,0.0
Tomas Satoransky,2088.5,2520.5,1851.0,33.2,31.5,25.4,63.0,80.0,73.0,1.0,0.0,0.0
Tony Bradley,1006.5,69.5,26.5,17.7,23.2,2.9,57.0,3.0,9.0,0.0,0.0,0.0
Tony Snell,1152.0,1085.0,1291.5,20.2,14.7,17.2,57.0,74.0,75.0,0.0,0.0,0.0
Torrey Craig,933.5,1339.5,505.0,16.7,17.9,12.9,56.0,75.0,39.0,0.0,0.0,0.0
Trae Young,4028.5,4067.5,0.0,68.3,50.2,0.0,59.0,81.0,0.0,90.0,0.0,0.0
Tremont Waters,101.5,0.0,0.0,9.2,0.0,0.0,11.0,0.0,0.0,0.0,0.0,0.0
Treveon Graham,595.0,464.5,741.0,11.2,13.3,11.8,53.0,35.0,63.0,0.0,0.0,0.0
Trevor Ariza,1229.0,2377.5,1856.0,24.1,34.5,28.1,51.0,69.0,66.0,0.0,0.0,0.0
Trey Burke,633.0,1438.0,1209.0,19.2,24.8,33.6,33.0,58.0,36.0,0.0,0.0,0.0
Trey Lyles,1282.5,1265.5,1827.5,20.7,19.8,25.0,62.0,64.0,73.0,0.0,0.0,0.0
Tristan Thompson,2391.5,1743.0,1076.5,42.7,40.5,20.7,56.0,43.0,52.0,1.0,0.0,0.0
Troy Brown Jr.,2081.5,735.0,0.0,30.2,14.1,0.0,69.0,52.0,0.0,0.0,0.0,0.0
Troy Daniels,349.5,622.0,1194.0,7.8,12.2,15.1,45.0,51.0,79.0,0.0,0.0,0.0
Ty Jerome,305.5,0.0,0.0,9.9,0.0,0.0,31.0,0.0,0.0,0.0,0.0,0.0
Tyler Cook,61.5,0.0,0.0,4.7,0.0,0.0,13.0,0.0,0.0,0.0,0.0,0.0
Tyler Herro,1511.5,0.0,0.0,28.0,0.0,0.0,54.0,0.0,0.0,2.0,0.0,0.0
Tyler Johnson,621.5,1564.5,2012.0,16.8,27.4,27.9,37.0,57.0,72.0,0.0,0.0,0.0
Tyrone Wallace,105.0,536.5,749.0,7.5,8.7,25.0,14.0,62.0,30.0,0.0,0.0,0.0
Tyson Chandler,170.0,845.0,1222.5,6.8,15.4,26.6,25.0,55.0,46.0,0.0,0.0,0.0
Tyus Jones,1550.5,1829.0,1504.5,24.6,26.9,18.3,63.0,68.0,82.0,0.0,0.0,0.0
Udonis Haslem,33.0,64.5,33.5,8.2,6.4,2.4,4.0,10.0,14.0,0.0,0.0,0.0
Vic Law,37.5,0.0,0.0,4.7,0.0,0.0,8.0,0.0,0.0,0.0,0.0,0.0
Victor Oladipo,559.0,1712.5,4074.0,29.4,47.6,54.3,19.0,36.0,75.0,1.0,0.0,0.0
Vince Carter,725.5,1347.0,908.5,12.3,17.7,15.7,59.0,76.0,58.0,0.0,0.0,0.0
Vincent Poirier,162.0,0.0,0.0,7.4,0.0,0.0,22.0,0.0,0.0,0.0,0.0,0.0
Vlatko Cancar,45.5,0.0,0.0,3.2,0.0,0.0,14.0,0.0,0.0,0.0,0.0,0.0
Wayne Ellington,404.5,1127.0,1688.5,11.9,21.3,21.9,34.0,53.0,77.0,0.0,0.0,0.0
Wendell Carter Jr.,1589.5,1494.5,0.0,38.8,34.0,0.0,41.0,44.0,0.0,1.0,0.0,0.0
Wenyen Gabriel,205.0,0.0,0.0,7.3,0.0,0.0,28.0,0.0,0.0,0.0,0.0,0.0
Wes Iwundu,788.0,952.0,709.5,15.2,14.0,11.4,52.0,68.0,62.0,0.0,0.0,0.0
Wesley Matthews,1097.0,1773.0,1862.5,16.6,25.7,29.6,66.0,69.0,63.0,0.0,0.0,0.0
Will Barton,2320.5,1219.5,3258.5,41.4,28.4,40.2,56.0,43.0,81.0,0.0,0.0,0.0
William Howard,-1.5,0.0,0.0,-0.8,0.0,0.0,2.0,0.0,0.0,0.0,0.0,0.0
Willie Cauley-Stein,1510.5,3320.0,2821.5,28.0,41.0,38.7,54.0,81.0,73.0,1.0,0.0,0.0
Willy Hernangomez,516.0,1240.5,776.0,17.2,21.4,16.2,30.0,58.0,48.0,0.0,0.0,0.0
Wilson Chandler,546.5,946.5,2063.0,15.6,18.6,27.9,35.0,51.0,74.0,0.0,0.0,0.0
Yogi Ferrell,518.0,1091.5,2026.5,10.8,15.4,24.7,48.0,71.0,82.0,0.0,0.0,0.0
Yuta Watanabe,103.0,99.5,0.0,5.7,6.6,0.0,18.0,15.0,0.0,0.0,0.0,0.0
Zach Collins,202.0,1516.0,834.5,22.4,19.7,12.6,9.0,77.0,66.0,1.0,0.0,0.0
Zach LaVine,2963.0,3044.0,815.5,51.1,48.3,34.0,58.0,63.0,24.0,81.0,0.0,0.0
Zach Norvell Jr.,24.0,0.0,0.0,6.0,0.0,0.0,4.0,0.0,0.0,0.0,0.0,0.0
Zhaire Smith,19.0,97.0,0.0,2.7,16.2,0.0,7.0,6.0,0.0,0.0,0.0,0.0
Zion Williamson,1132.0,0.0,0.0,47.2,0.0,0.0,24.0,0.0,0.0,37.0,0.0,0.0
Zylan Cheatham,37.5,0.0,0.0,9.4,0.0,0.0,4.0,0.0,0.0,0.0,0.0,0.0
